meter,WMAPE,RMSE,MAE,NRMSE
MT_001,0.45434502782802705,4.529018797871878,1.9212831911270618,1.0710223153233582
MT_002,0.06598983736978838,3.1954385894032558,1.7606580506040626,0.11976571644194105
MT_003,0.09473036710910139,0.43001882961230686,0.1643399176906505,0.24787551415037284
MT_004,0.12028504005784867,20.364138599309758,14.557509036042374,0.16826376140979415
MT_005,0.1387107197453835,9.690329261889431,7.214229033989449,0.18631963861329212
MT_006,0.11806918518730461,30.300033174551157,22.008996494937705,0.16254717605550148
MT_007,0.2918414077796407,3.7533802658812134,1.7114027585817255,0.6400549346051475
MT_008,0.10370809517917842,35.75851169654642,26.047095985935158,0.14237468685544363
MT_009,0.1706002584842186,12.576828377738616,8.671508224179211,0.24743217865735842
MT_010,0.2587734884513186,23.33816853661347,14.17535111098529,0.42604230674780774
MT_011,0.1231402011343117,6.689699750390494,4.875079989025037,0.1689758885281358
MT_012,0.13269080058225144,28.33246668119442,19.45642675308332,0.19322446686166972
MT_013,0.2851669376523073,39.97644509189106,23.427814313919033,0.48659940156291875
MT_014,0.15717112466157634,11.495837290989675,7.175389700454392,0.25180704482669664
MT_015,0.1277453591524573,9.083742952032177,6.091444531668267,0.19049767256735603
MT_016,0.12936297893198548,6.4021107738760445,4.257402495556771,0.19453084880405586
MT_017,0.09886094787180412,6.6307128523559085,4.817700298518351,0.13606461943082243
MT_018,0.1500711468693856,51.42729066408877,36.84916916606633,0.20944169610890914
MT_019,0.15774136690347948,1.736930260876626,1.2764851583601677,0.21464076708786103
MT_020,0.16222614821575856,9.280851332854448,7.144303228539419,0.21074088203278438
MT_021,0.11036805870376011,26.165333029229657,17.51438897559632,0.1648825440497635
MT_022,0.22051420510718223,10.992596144650925,6.352235031481747,0.38160168647546683
MT_023,0.1766644342320133,2.5335775406908088,1.8761257547630024,0.23857304963313544
MT_024,0.1537693082408858,6.755657881862037,4.880802572106934,0.2128364800376633
MT_025,0.1433823286183327,41.90523430460393,30.094177975937654,0.19965556396639672
MT_026,0.16584597131360052,4.932556827403713,3.422795254373115,0.23899901025488757
MT_027,0.1330762698855043,3.9894214263619325,2.8960046933121877,0.18332060153340493
MT_028,0.12800250509213587,12.437199840285233,8.813933545813713,0.18062227581057255
MT_029,0.24857851934820757,32.50226500274238,19.940016630849883,0.4051834589417997
MT_030,0.11654540970709241,6.3508538992967845,4.414121840969068,0.16768066137497808
MT_031,0.11738095882269692,13.916576501387487,10.13968039949735,0.16110380494273321
MT_032,0.14976532349812546,5.063709285320896,3.636987373137583,0.20851545012715048
MT_033,0.13053227751818203,7.747435537432212,5.47362515044539,0.1847569714458869
MT_034,0.13245849250947495,2.8610118015257164,1.9985738665239723,0.18961786533365937
MT_035,0.12721154335120552,23.096943334951654,15.39691019337199,0.19083035306651103
MT_036,0.41376925663763886,25.32705223937968,15.812860062296531,0.6627236019686125
MT_037,0.1200577619782541,19.548995875407485,13.162243907759178,0.17831372144228197
MT_038,0.11230397155866392,19.23290906161486,13.218647652673939,0.16340038171824953
MT_039,0.13876551683218902,8.877367430126103,5.767642091003727,0.21358337776751865
MT_040,0.21340100627339526,14.738733340497967,8.106355778117702,0.38799931956451045
MT_041,0.1039503896903058,12.155019737134149,9.073072325366818,0.13926032914295874
MT_042,0.12634755832757,7.717338870280068,5.662724224399758,0.17219043068439202
MT_043,0.12741854048723802,205.77257572520458,144.91230875302668,0.1809317752013085
MT_044,0.1255092536832253,5.550965454194025,3.8914637602083215,0.17903225477807394
MT_045,0.2927717231029485,45.51375613486855,28.20244126690033,0.4724818210731229
MT_046,0.14047070874448545,25.263654435897998,18.404044642350446,0.19282736556289537
MT_047,0.1538259716385491,6.100159759573501,4.306942207301589,0.21787220654504227
MT_048,0.18193081240041087,3.6265958892245993,2.7639847511978455,0.23870954283980209
MT_049,0.10592967337245254,135.14989877533958,98.66506462793916,0.14510084889294997
MT_050,0.12721119605901485,29.676825184629873,21.073546853280504,0.1791451839244315
MT_051,0.14223284296015493,10.43231281285374,7.964346203051473,0.18630751001925627
MT_052,0.12286488833145835,5.435355699825529,4.123277061279506,0.16196204164208838
MT_053,0.1314034852517626,12.068688307320368,8.67479970169394,0.18281317846329262
MT_054,0.09073966058948658,8.929418832577625,6.511691311940755,0.12443041221006133
MT_055,0.14645972792759834,4.392599253495396,2.814952009371971,0.2285434669649801
MT_056,0.09627190655321523,4.98735039390923,3.5875160997316717,0.13383681570278744
MT_057,0.2253407237185471,8.193376484931896,6.080138156267061,0.3036610911398479
MT_058,0.1281990100020157,14.902938147999514,10.685536739053248,0.1787970004082441
MT_059,0.18321190023343376,29.497390430357527,21.847150198727437,0.24736740963991255
MT_060,0.11696963122323846,4.211000096419639,3.1103885547211183,0.1583593559755078
MT_061,0.14500605654744722,15.19117714942752,10.66469528762173,0.20655186419708868
MT_062,0.09895728733692051,8.231365652065145,6.140401498585531,0.13265478099344233
MT_063,0.14064465831996278,4.341691075320056,3.0351118164247572,0.20119049799572983
MT_064,0.1343149522508905,286.2739788133084,199.5670873354559,0.19267142848233884
MT_065,0.12520986400946485,11.559242283168366,8.399431218676371,0.17231299556448368
MT_066,0.1340267921833022,8.246235729655359,4.426776533321345,0.24966621064194824
MT_067,0.1315219921324026,35.05419651400988,25.89956199268228,0.17801064587215545
MT_068,0.13092562646420816,24.83227437753209,17.568003067741657,0.18506264296932579
MT_069,0.11104469120542228,25.266477804035503,18.32040042569648,0.15314666494201992
MT_070,0.11078655071962562,6.334098697283556,4.549576662787019,0.1542413720224786
MT_071,0.09169019065981836,6.0605703122098395,4.269111477321686,0.13016639419835002
MT_072,0.10357049601278749,13.326002559601001,9.793520525165889,0.14092794224701674
MT_073,0.13886557388156143,9.665931976275603,6.69294017676145,0.20054940811306282
MT_074,0.10452836987357209,13.187107259995722,9.378802061570834,0.14697258948275865
MT_075,0.099399065975049,6.9446006276012096,4.9833181403543305,0.13851951581486177
MT_076,0.11229226528762579,9.563282205114662,7.046814742180855,0.15239262868216405
MT_077,0.22129509899028846,13.06419323416509,8.210125462921788,0.35213127351576035
MT_078,0.10058397412899152,5.202759081263986,3.8146192656260105,0.13718647875159629
MT_079,0.17836790342172842,9.188280483899131,6.352351376897396,0.257998059100493
MT_080,0.1720169331634537,3.5291320262997883,2.576314246331312,0.23563525635798774
MT_081,0.10895530955415594,14.966798944408831,10.69198214082413,0.15251729665694938
MT_082,0.08083803904830617,5.207453820735626,3.7173462536781345,0.11324216970274366
MT_083,0.09160643941802633,8.984862226353407,6.470773542852706,0.1271982757188095
MT_084,0.1923210691751797,78.75128938315814,48.03477776045124,0.31530347134368986
MT_085,0.11670955740879664,18.967995504440054,14.00887579615802,0.15802455475137914
MT_086,0.13465624578520555,86.25947227353623,60.68493177912551,0.19140462647373188
MT_087,0.1308188443437449,21.81743246003435,15.204108944113395,0.18772105037266526
MT_088,0.20746659407515403,47.610582513373494,29.28805167729452,0.3372571690605583
MT_089,0.1495572288545997,40.97540878180813,29.035146628993832,0.21106036304539288
MT_090,0.4444392044166117,97.47754801699617,62.391191412569725,0.6943743645265243
MT_091,0.1311905333891889,24.003761907128617,16.737147391441205,0.18814832983747398
MT_092,0.24573115010881125,24.440179010802865,12.971824300506889,0.46298139398597443
MT_093,0.7574997063481125,65.46966108073308,25.82937824272946,1.9200326301824715
MT_094,0.6072636573749653,31.11138472169841,14.00694739335476,1.348817321971339
MT_095,0.4209515463808808,11.47723217129562,6.300948283219174,0.7667669076964602
MT_096,0.32309254167121093,4.989712233224577,3.3990437405566647,0.47429186874083634
MT_097,0.2572923018671515,89.1276644237124,48.07231119566312,0.47702848831800726
MT_098,0.07667341861338185,93.27152742729587,51.75384383201599,0.13818194625997135
MT_099,0.11530869860235557,237.8063504286284,135.64207869577626,0.2021580696120276
MT_100,0.09690142132925868,10.583934251547637,5.004837576276091,0.20492138987525313
MT_101,0.061444749172343625,72.20001457266814,37.65875301317537,0.117802939043283
MT_102,0.11232848973329457,236.78191464752678,103.35886338029277,0.25733017951884524
MT_103,0.05321915221598821,115.62488215176259,58.64542261285869,0.10492648750801456
MT_104,0.05892973769324068,61.30585139821327,29.638528939686953,0.12189328793305687
MT_105,0.12728646353078418,49.32433916786368,27.015065354462628,0.23240072220048108
MT_106,0.23350872916118362,22.60504154382885,11.9271714478541,0.4425587866002314
MT_107,0.22925828144539304,6.649663674716214,3.860724985357172,0.3948715518555019
MT_108,0.14218341081664873,7.7764365750166835,4.224955937837278,0.2617022029349729
MT_109,0.2670781027644789,32.16820035958711,19.152794094786763,0.44857277109895266
MT_110,0.4535790056477049,21.05040942383489,10.670887557390731,0.8947731595510141
MT_111,0.20375926123995158,18.081594176797314,10.761250330648608,0.34236656134759474
MT_112,0.20996761731372413,10.86027832052148,7.280739141642066,0.313197151822349
MT_113,0.15819017801723065,6.815530002939218,5.080586481717029,0.21220973372396193
MT_114,0.1481223515883498,72.39203319207013,45.417914183716796,0.23609358521610974
MT_115,0.23589231490245866,8.443232523559193,5.537211202361637,0.3596925586643042
MT_116,0.17946336721740755,11.35093497904058,7.757067108280049,0.26260917740805145
MT_117,0.1857925761228891,4.294265706966261,2.795731350296169,0.2853788824054646
MT_118,0.0860529734175255,13.24053301187648,9.504706212381523,0.1198761129324152
MT_119,0.15921274440198507,19.638833537660332,13.060818010786353,0.23939944510385183
MT_120,0.11659839840494604,6.433567983725171,4.6528999735046375,0.16122068542270268
MT_121,0.24533944056555285,41.66982984493212,28.147457270714945,0.36320341991437555
MT_122,0.23194511124608028,7.392444071495717,5.180824157091043,0.3309591699221552
MT_123,0.19935964719821694,21.188476865056792,12.133078194644353,0.34814967848388795
MT_124,0.16278514469848132,67.38730920734247,47.34449766411629,0.23169858001202856
MT_125,0.1462048787359889,8.606291899984084,5.739505167625266,0.2192317676968507
MT_126,0.10938717262114943,9.492341428376733,6.602384547229227,0.15726748161624218
MT_127,0.23005673993999284,40.141385838808404,19.534438982004165,0.4727443860177959
MT_128,0.29768243530533994,134.87325187921607,83.56357556935315,0.4804652960742899
MT_129,0.11637288172389831,16.832492114557837,9.814618126823477,0.19958449617233096
MT_130,0.2726700469226044,55.49122057307389,29.892609354494404,0.5061717275336388
MT_131,0.4081122759557543,78.75792485658201,41.6329082033389,0.7720353285383559
MT_132,0.18408624641036384,11.387759261773644,5.640737610481892,0.37164108708571447
MT_133,0.16614674704466922,2.228620109407629,1.012677404633957,0.3656425826053197
MT_134,0.4120760544736151,11.503627139668541,5.699557553315067,0.8317082930574219
MT_135,0.14723841744863417,9.083221891683163,4.835254436078137,0.27659334877752145
MT_136,0.1624604977157757,44.70348281734911,22.195985040163887,0.32720107059873654
MT_137,0.1665879917399744,18.590501315193517,11.929296825737714,0.25960912237976136
MT_138,0.14645122948482311,25.408778140050945,18.9478819733341,0.19638853585611496
MT_139,0.11472789556056141,62.968926865978425,41.00897997198584,0.17616367122458737
MT_140,0.48761526144867234,60.639355218668236,28.459951305389403,1.0389573310137907
MT_141,0.06478960926860365,1.336463634659,0.6534040378108961,0.13251977594346376
MT_142,0.12936057748634908,13.341148253940002,7.714648038584348,0.2237067243805678
MT_143,0.09933606292745,29.03389287867022,20.583906619951605,0.14011492877784965
MT_144,0.04080949224571382,10.496853854080253,7.920053431976876,0.054086917423176555
MT_145,0.0403954767261645,4.130961422892285,3.026816789309184,0.055131237742742346
MT_146,0.031910256825901664,4.914615741792546,2.8034454060539806,0.055940682912018036
MT_147,0.022632716899028234,96.59809939535013,59.34402227184,0.03684073564451639
MT_148,0.034352322812039114,17.54981460211818,11.376244240536538,0.05299437000088247
MT_149,0.11859061916120076,3.7052021119411087,2.7223348928640965,0.1614063771963784
MT_150,0.04041337296270546,1.9167742274479416,1.0134421482478102,0.07643584971582779
MT_151,0.21546968462408903,40.313939963610615,21.694387950635935,0.4003999536506403
MT_152,0.05741222144863421,93.32022765113958,60.78076427842928,0.088148308747832
MT_153,0.11885696462978305,47.06241684513854,24.549440000719947,0.22785432230595462
MT_154,0.07735668018448161,4.202569041873408,2.5513459748329095,0.1274216795888278
MT_155,0.3495381283499219,83.034603969959,49.8428780113181,0.5823050597789693
MT_156,0.257753730605515,30.477413296680165,22.24721165219126,0.3531079354680247
MT_157,0.13479909208934737,493.7322813593885,356.851042080361,0.18650544741147207
MT_158,0.37616721299377415,43.48307501174817,28.84847492953958,0.5669938247868962
MT_159,0.4906308866018631,37.28728953014498,22.20903222465624,0.8237322426343846
MT_160,0.28911112068866873,4.916725736023852,1.4816253713715681,0.9594058762268528
MT_161,0.11363215386802687,240.20471475443,170.67848363009762,0.15992044530906335
MT_162,0.332903532049842,142.27527357804138,92.20094479687138,0.5137034246431575
MT_163,0.10862971557057331,369.50586963493754,261.63627326608247,0.1534164854858606
MT_164,0.34914006884510385,56.62010472588009,33.94736992290847,0.582323381955744
MT_165,0.07714436705655135,9.495755248587576,6.541139172255721,0.11199028320377338
MT_166,0.07297120630633133,138.0316367532244,91.27058302888042,0.11035686097384707
MT_167,0.0849763001417949,9.559923161405349,5.993675446564748,0.13553735218707624
MT_168,0.08245507513149924,15.75439243354232,11.015064793144731,0.11793208992899537
MT_169,0.07293886582361565,4.257995845842801,2.994597700660087,0.1037112222483115
MT_170,0.09941367225168626,13.38920954018711,8.345341116298824,0.15949863167817938
MT_171,0.06590134659647644,22.51484446584703,15.136581511312423,0.09802468064540516
MT_172,0.09483877280399415,16.47269806078782,11.551079656309597,0.13524713839216718
MT_173,0.08074805896834623,7.193924491370404,5.071410041741312,0.11454318113933301
MT_174,0.08469707614574588,20.760437676761402,13.408168996543917,0.13114008118341164
MT_175,0.09247526414657484,20.646640897321337,14.500214607584967,0.1316741594790274
MT_176,0.08221970974361272,10.045974459179996,6.869875046651657,0.1202317507256705
MT_177,0.07634993722144846,17.73431070324391,11.92233726103284,0.11356946873863513
MT_178,0.09006212341947231,65.74348330092126,41.05775999111706,0.14421141602353876
MT_179,0.08249161190696255,9.34486529916669,6.5531826753322395,0.11763337599048658
MT_180,0.1118087338071799,24.17424902356667,16.341833598755265,0.16539711763252318
MT_181,0.0899119358713549,16.721932138892385,11.96070769381453,0.12570337212527777
MT_182,0.0845650633381906,5.757735406963259,4.12833103803433,0.11794191281865456
MT_183,0.09708055398741232,11.636456157626856,7.743688860385929,0.14588313536351846
MT_184,0.06807359706226686,9.134510475692878,6.451971506609764,0.09637658579960343
MT_185,0.09428419631021034,9.110499330037534,6.352622772147666,0.13521597899427923
MT_186,0.07519764394976226,61.261879746908,42.678576021597266,0.10794055121637419
MT_187,0.09118321876317682,11.639791488640887,8.187808925457741,0.12962608963266328
MT_188,0.06121420362414924,3.68878330309399,2.5278526966294197,0.08932717184907242
MT_189,0.06894417922225943,42.00611460791103,27.09908378516158,0.10686992655981854
MT_190,0.06698229442094092,33.25605356723049,22.93636758854128,0.09711942236362131
MT_191,0.0650281121149096,192.27435711664285,125.48273690280304,0.09964110410731661
MT_192,0.06724037170088942,48.82950209512325,30.55155425550731,0.10746798160861447
MT_193,0.06046667302990448,25.104289701771577,15.806929904698782,0.09603211288953628
MT_194,0.06049675721491912,212.19954318497494,140.44820418510264,0.09140297891071104
MT_195,0.10154380667855444,64.95026159091428,41.97653835815926,0.15711864447791862
MT_196,0.07929115164766803,2457.4131529204114,1504.8147364437853,0.12948512149054528
MT_197,0.08493646617410747,18.897013528120844,13.055881333364743,0.12293659151306312
MT_198,0.10542782852356831,40.31428519548613,24.29737268376704,0.17492621947061424
MT_199,0.06679747954131063,47.45044285247286,28.64600337554943,0.11064614997460855
MT_200,0.05971732104138985,73.53447915462587,46.57433647531761,0.09428544626965052
MT_201,0.07783316385793007,35.22586919366959,22.41041394455792,0.1223422671161633
MT_202,0.06362345718703151,22.460443073243137,14.662004018578354,0.09746355521806778
MT_203,0.06324547900251486,51.090628155742934,33.43822120365487,0.09663346715034445
MT_204,0.07222194007216304,99.69279062705702,61.013212998109324,0.1180073363865811
MT_205,0.066756251095832,51.31202968510034,34.82241856561948,0.09836762864246522
MT_206,0.08929145780229543,26.858956991488437,17.741873752635364,0.1351759942752901
MT_207,0.0793652611371071,109.40512816906629,68.4606901604291,0.1268314202870168
MT_208,0.05637234605846296,574.8658906878893,355.6000835958681,0.09113197780879481
MT_209,0.06360128849367126,57.046166481563965,36.75174800228311,0.09872209865028886
MT_210,0.0639334741404265,69.57717232524018,42.97260822618389,0.10351501878141331
MT_211,0.07007244509334605,21.091244545153646,13.168002283192116,0.11223532951745092
MT_212,0.06030038302783843,35.93671891732045,21.093501292189508,0.10273296431259543
MT_213,0.06115276181993855,103.46279822119627,65.55718152642794,0.09651171251611192
MT_214,0.07304325544193283,46.28231979114426,27.962572803351705,0.12089772034655406
MT_215,0.050015644428860355,30.026631221535542,18.50735147124556,0.08114620359948058
MT_216,0.04587498005148013,163.49974540909034,94.58959184672734,0.07929569641465374
MT_217,0.07662403178180653,25.67759119861189,15.606974637998293,0.126066749624386
MT_218,0.05991046083393441,114.13155772622692,73.847528620942,0.09259178129265094
MT_219,0.0824520821268258,65.98908037016763,44.257168176293916,0.12293911468717002
MT_220,0.07872227452868627,370.3257589057175,220.46204033072135,0.1322353998624294
MT_221,0.07471113181812852,17.211304092792695,11.472605715576373,0.1120822976677996
MT_222,0.05936758008179737,91.60538734460076,54.180692428432096,0.10037505844518847
MT_223,,,,
MT_224,0.06503179646845673,312.30491623398757,213.65185983943067,0.09506001849874292
MT_225,0.05784437728587092,27.954234183786642,17.51408208061571,0.09232543626446787
MT_226,0.06874513166802457,49.26871963314022,33.303798229713415,0.10169964983974011
MT_227,0.06491359912983652,25.665105077707082,15.819148684527777,0.10531630847296397
MT_228,0.053877581150265634,481.99660907076475,296.49121983323465,0.08758711787138075
MT_229,0.04398832079916746,65.18409968442462,41.65395389776251,0.06883714076606309
MT_230,0.08822339712818893,12.706995223457033,8.262210255082204,0.13568455065827853
MT_231,0.08287890289435197,81.06741813183302,50.674321516300445,0.1325874422034991
MT_232,0.0732019213090506,9.101481172546682,5.852261159531602,0.11384418610633092
MT_233,0.06616471790407763,13.320993643171338,8.347591163333693,0.10558492496300637
MT_234,0.08619438898557208,11.013795644707987,7.138715378630515,0.1329829438009725
MT_235,0.0827084111790927,113.0319747623084,61.727543593432806,0.1514509488114547
MT_236,0.07089392979781055,16.642228007577927,10.058557711670932,0.11729643333252714
MT_237,0.06937224050845714,8.831682219179033,5.834071738667548,0.10501646370620081
MT_238,0.07645569642879052,45.319986801878315,30.12245747727346,0.11502949769936346
MT_239,0.08567336441328341,13.41715004799658,9.41001052333884,0.12215633368302052
MT_240,0.07980363981924349,43.823337651676,28.371458028549473,0.12326690613193858
MT_241,0.07825421476032875,289.88392316393555,206.67244606627722,0.10976131173074992
MT_242,0.08088993536581884,24.282751006334856,14.559694020280011,0.1349087526613367
MT_243,0.09951684407305789,17.121610444875646,11.787292478920799,0.1445530124894577
MT_244,0.07536620802553853,16.505819749961226,11.462492104133242,0.10852622916608641
MT_245,0.07575880218720381,22.020482025725556,14.861250708827145,0.11225470685740674
MT_246,0.0738874017404617,64.05670630557432,43.43497922447718,0.10896709696832382
MT_247,0.08729577789414684,60.74240722276128,37.98484998968638,0.13959659419778503
MT_248,0.07094764045873551,16.633476447808096,10.643351902802513,0.11087727976815263
MT_249,0.08342082355795925,9.538707884263262,6.019677435361768,0.13218762565410108
MT_250,0.06288798489652238,8.605005528178294,5.586947985493565,0.09685994197469898
MT_251,0.08772416425888843,9.358380031230721,6.4452328537288865,0.12737415166960517
MT_252,0.06990890521047115,24.457178767133964,14.911536541513112,0.1146611945313062
MT_253,0.10225918711878801,47.16291638692271,32.56566113859551,0.1480959183156962
MT_254,0.07096528534773362,26.591703232874934,17.18600141093747,0.10980377358762723
MT_255,0.08682625650608208,90.27653950513738,52.19697646784456,0.15016911909415415
MT_256,0.06904373988460569,14.945800206720854,9.54580681125323,0.10810128072397525
MT_257,0.07203208517748151,14.954197202955527,10.36059932160323,0.10396908260298034
MT_258,0.07019378183068443,13.011987680344893,8.479151918837742,0.10771839367431452
MT_259,0.07723077819735999,16.208597354226363,11.475933597621308,0.1090806753547303
MT_260,0.07946985624872438,19.874076890907826,12.699286872121297,0.12436840347813309
MT_261,0.09961551211765907,9.17036268531991,5.64831968845638,0.16173135119631762
MT_262,0.07621426852487022,21.040923813094356,13.827079371801794,0.1159766697204938
MT_263,0.08929215486278606,25.43150795303624,16.467935822543488,0.13789427958712766
MT_264,0.08405162695575177,24.69645405307346,16.15256317200726,0.12851069648166805
MT_265,0.08349190919365206,19.522959413647424,13.617344321861658,0.11970095754564594
MT_266,0.07556241783282967,30.613392429170425,19.871420239558503,0.11640949273511791
MT_267,0.07765486456915702,7.871298960390735,4.91017873736277,0.12448521478482576
MT_268,0.07859381395675963,28.99519544640976,17.024397496708996,0.13385748288569616
MT_269,0.07381541971514587,79.36231305186733,53.556613371960104,0.10938261549143179
MT_270,0.08189978736381119,8.497289063690744,5.256291470360266,0.13239870190026037
MT_271,0.06508444617380428,13.620833498411471,9.106132109660535,0.09735246469016572
MT_272,0.05728843490145871,14.242675850884934,8.841672919898137,0.0922835096590974
MT_273,0.0649136338383961,49.39543324289352,30.130832875482568,0.10641714021211816
MT_274,0.07042051888345799,32.455948600673864,22.056376591773883,0.10362376303307756
MT_275,0.060229734826443934,12.499308099635643,7.7304665503980905,0.09738480949979787
MT_276,0.07657428661740717,201.25390038978446,139.9866423236725,0.11008817409653952
MT_277,0.06204539056689802,7.655015859399851,5.368408453668634,0.0884728598599251
MT_278,0.056445985509679136,7.239547938021566,4.767495411301041,0.08571448585719244
MT_279,0.08515731028741642,1393.689941428768,993.951846538178,0.11940506695576844
MT_280,0.07217692176793454,31.594643604526524,19.30523402445937,0.11812361957593753
MT_281,0.0609227269461739,9.815103590319888,6.7285647060535,0.088869306026514
MT_282,0.06027607568997531,10.147915772130533,6.453099619804724,0.09478802051950101
MT_283,0.052807113935675776,19.780535575338416,13.241137132660983,0.07888695550618974
MT_284,0.07777475047818093,7.46314106424779,4.99093804551314,0.11629956708782578
MT_285,0.061211937701972446,9.65320871959675,5.859196511360064,0.10084857362651128
MT_286,0.07573664385429461,14.545196075598465,8.966823003410477,0.12285336005288564
MT_287,0.0653446881190471,14.929813647772209,9.362251896577883,0.10420399143989771
MT_288,0.08225006280672977,19.24767549228652,12.094041846056985,0.13090102864496572
MT_289,0.06286621676034161,10.145534331618972,6.6593404182322224,0.09577695693327512
MT_290,0.08383008842733021,73.30599105210966,46.87319129253631,0.1311036765941291
MT_291,0.09757723875939672,11.724165270825468,7.76393128568179,0.1473495361809481
MT_292,0.0869305794837509,31.149623907762255,20.91587696603444,0.12946408421697994
MT_293,0.08241071521088342,11.966619284230898,7.917497915869842,0.1245567304657097
MT_294,0.07316625158546682,66.7169463625091,43.4902798756889,0.11224183648682746
MT_295,0.10844315431386232,39.42853434895748,26.56557845584878,0.16095093287276227
MT_296,0.0701939391318888,9.366775793454048,6.123240321568431,0.10737630002726246
MT_297,0.0785714299669566,18.256433915287182,11.645852560090692,0.12317124155744827
MT_298,0.06602735211534985,88.984442184964,57.8346800304439,0.10158968794919973
MT_299,0.07832035990379635,51.4137423248659,36.14813026913769,0.11139560394697566
MT_300,0.06500262289254892,12.62738481827805,8.10742251584519,0.10124218046579217
MT_301,0.07771650356297047,13.245888160761094,8.59989084636784,0.11970199771492154
MT_302,0.06863075404960305,13.612310629253852,8.029260104949072,0.11635233267225736
MT_303,0.0786170595616383,16.60181453802975,11.414418810789716,0.11434536124903735
MT_304,0.09690056477857978,9.441425853609616,6.0940507075013635,0.1501266631082839
MT_305,0.07216377680631808,8.103976537407267,5.052471413235414,0.11574801839692224
MT_306,0.08571520924051527,9.953728687242167,6.309035652875901,0.1352323848037484
MT_307,0.07824724994869728,92.75708239710953,58.33691523673872,0.12441498802918688
MT_308,0.07514095539324407,13.658162168242937,7.986319966171974,0.12850566450940223
MT_309,0.08924873506505113,26.056943937949328,18.915865938379067,0.12294173016972702
MT_310,0.07888507231792723,63.10465646404645,42.808127022225015,0.11628668981896322
MT_311,0.08748784061315847,15.86846428155701,10.45497585750742,0.1327882237856686
MT_312,0.07901703594488475,46.934532612282304,28.591045619295613,0.12971290731592502
MT_313,0.06192814390045714,19.544232339884267,13.809950932193564,0.08764245714637538
MT_314,0.06432712388554368,102.74353107470577,68.02335098127251,0.09716069197620651
MT_315,0.05393074820122328,7.553142971577582,4.435883234951594,0.09182988598942125
MT_316,0.05564703401275265,31.939159502748616,21.79643393330378,0.08154175589579062
MT_317,0.06507383974518592,51.33450303811773,32.0375595501977,0.10426927865298713
MT_318,0.0722191128148393,18.26262594143339,11.610851046701544,0.11359293456221455
MT_319,0.06425843285575948,9.138587824076431,5.8761234079866105,0.09993515985245192
MT_320,0.08319592108634093,12.928366776968861,8.424585114262964,0.12767244529715602
MT_321,0.08414505438961095,13.9161047999104,8.92568393379586,0.13119122343625306
MT_322,0.07517562025063051,10.469014263475975,6.975940962578064,0.11281842046705785
MT_323,0.09680119512083181,258.91457013092537,160.52769355817472,0.15613031787432466
MT_324,0.07506778454472633,34.3136016691917,23.66618472892944,0.10884078217760808
MT_325,0.05808686159319255,26.257476870798136,17.69094307977859,0.0862144215773258
MT_326,0.07841538741320785,26.410649206408763,17.650882330931484,0.11733131809086061
MT_327,0.0733098723261805,59.098606788712885,36.85929570091914,0.1175418910195739
MT_328,0.07316405478983763,138.35929826693155,86.2702945235113,0.11733966291637568
MT_329,0.06106225841817833,17.603071886061265,11.874100341671678,0.09052334859325577
MT_330,0.0701161658004882,10.4146787766214,6.455533566101365,0.11311804615112823
MT_331,0.09174759905703957,26.906409872582984,17.499821649784366,0.1410642093649299
MT_332,0.34859715230129357,49.002656309765115,26.187221230573307,0.6523100062575506
MT_333,0.07212439837623996,9.865827943675649,6.168022999085792,0.11536385403014374
MT_334,0.10120880339646693,15.294683660680104,8.431581438513106,0.18359030781038235
MT_335,0.15930863576494858,24.16867582221634,11.081713291152155,0.34744435921805666
MT_336,0.09706618610861706,25.96090458658837,14.956528870482423,0.16848334382739413
MT_337,0.11704489163173173,24.829364490442167,15.431994672593365,0.18831980814701704
MT_338,0.08025783301733488,34.15343148227685,20.042128715776418,0.13676593139110454
MT_339,0.11500234616386744,636.8523953162334,362.4840372738773,0.20204895137522702
MT_340,0.09271575973268494,23.928643337994835,12.104010864517324,0.18329150322876145
MT_341,0.07168195426775822,127.30253107899149,71.00262520345923,0.1285205185699184
MT_342,0.1053044598771209,47.41997470223392,26.125647378294435,0.19113535259433156
MT_343,0.12958707009696263,39.34616646583599,18.857449395893372,0.27038409727698465
MT_344,0.17597927987177678,53.178281265614565,30.101800564407757,0.3108875703936075
MT_345,0.06246134658818532,230.33827493631617,121.58595822165002,0.11832977289280534
MT_346,0.09264045285663135,45.60443921033009,25.1473541834583,0.16800240175949563
MT_347,0.11412479201940437,6.057838250994219,0.9034662946120924,0.7652189512822299
MT_348,0.0146129082768464,4.80879140820667,0.6015648356805243,0.11681272508410039
MT_349,0.1645050469589907,53.31747225333403,31.203114800042894,0.28109351688047957
MT_350,0.1323406787535704,143.5673178487583,75.28198011912167,0.25238172881305887
MT_351,0.12724933954755308,361.60710395929857,197.30416022675223,0.233214875457477
MT_352,0.2883019150643521,49.91701638639457,24.47895367889916,0.587899777387192
MT_353,0.05324543389587293,47.40668260864027,26.573863373989383,0.09498767076268151
MT_354,0.19709553829153645,44.39751917430297,24.79159266914679,0.35296453347098367
MT_355,0.05744474243456885,79.81498226014112,37.215163536864466,0.12320115411589538
MT_356,0.2099898154612769,43.331872482809516,18.710565531253813,0.48631624154050906
MT_357,0.1033127778983634,346.2498498161773,185.0725426016333,0.19328655309177514
MT_358,0.1254242833818625,167.6672429603882,91.63383994216788,0.22949538956559637
MT_359,0.21643908434484022,35.998228361042415,22.88804647487048,0.3404145300497765
MT_360,0.10120846495461086,84.37135969409098,50.072223008822085,0.17053558415546669
MT_361,0.09457966222255446,47.3781251434666,27.001709542426887,0.16595271739243503
MT_362,0.09460692642485223,7571.108090047798,4570.733447488585,0.15670991849750487
MT_363,0.08056394310079089,333.55688144069796,184.3315412982958,0.14578436998895797
MT_364,0.07397159772537129,592.8437191007536,270.51162262398356,0.16211354128872796
MT_365,0.11901862329883074,20.380979107737264,9.897573003322567,0.24508190786476847
MT_366,0.7487881728803816,12.916640669772166,8.386269569233672,1.1532932118416184
MT_367,0.13926853181839902,108.14131337061191,79.49459958360892,0.1894554098130699
MT_368,0.3324607721055421,67.89216694909068,41.83118130583741,0.5395851022897905
MT_369,0.08268957877352873,93.68459398063456,67.04919966149004,0.11553813696417775
MT_370,0.1425750967737155,3383.313721179295,2526.908251551188,0.19089584313829444
